domain,label
okbopqhyiiwnmw,1
vsiabumtvbjpctm,1
pojeubilmngepzmfpheojzdozs,1
iteowjkecxfdl,1
vhuredvalwdtwcp,1
qdeqghbxdwtfpi,1
sujknqicwreri,1
gutpwbekjejhm,1
1jrvm4it2ool9ijipisc5b6c0,1
lswxddwowdcray,1
nqfmpogprkrin,1
1xfwku9sxdmoj1wogn8l1w3y9js,1
afxbwjwicogo,1
dmoruzhxxwprqcehamrkfeimjmj,1
bthvvfcthhel,1
qawmptiwnowqwow,1
etjcryctxygqcb,1
18pbnmu1x0skkyhml2kmx4opdq,1
1cojn3o1n6lu5p13ikmm5jyssst,1
eudlzmfuobmtwafehxgpfyh,1
vjlxrtjskpig,1
hkrrxmelkuhffn,1
1r4g6ntxt2bc41pjq3heals6zg,1
ajkvjiurwofrd,1
xjnqvnybpxie,1
jqcexhlzydobgvzxdehkj,1
uychugnhlepfygq,1
wxaldcvfmdymw,1
ddsuwgmkjfeg,1
d8gaqpsjngnj147m4r9pj7fq,1
wctnxkjhvgfb,1
brdgrafbflgkf,1
lumgyqlbetxui,1
1k4zzzvxh3pzs98vnzlgiftsu,1
ytvskfvkbmeqjvuswhbikfvwfyd,1
1wtl6sqari47d15asv1tfh1xr,1
hodloxbkjxvw,1
1itg4vz1mxbvq21fmp4kmht4co5,1
ykavtoppowpkp,1
mbxgumvfbofuyda,1
menaejrfxduun,1
xnybhfimupyqxe,1
uoilwogemnmx,1
guspeijfbsyufsv,1
wrwjrxfbubqyno,1
13loh6we621adkq1ywgux25s4,1
rfyuobtatpbsjy,1
mlenadnqganj,1
xljnvhikvstssnjfpwknrb,1
dyr3ck1ce9h9i13xqht4162m24z,1
tsbmhesghlxrgbylleakauqyp,1
csfpvfcsjdiv,1
olyfxrjwssoud,1
emgeusxjfxwzifswzdtrsdetfq,1
uotkolyybwhavs,1
iwjpydpnsuhx,1
qcptcjnlfcxkxsxtcdtxwqwa,1
udiibnxcgodc,1
oeyzdxztpuoyvaojbkf,1
speicpasagcum,1
jnthpkmrheewwca,1
atjmoorbjchkim,1
gyxupuxcgfggi,1
wxrdhyuxvgchypq,1
h0wbirutkrzv1y0ryfdqf20pq,1
1g0ier016p2lyyx711thuzmaow,1
nanudhevmpcicd,1
pjovolegwwyfu,1
jpkpiichjjdm,1
iujs5l2xfvq1n90l5h10hv7ul,1
bsrjvytdbpwov,1
ejcovrrmfkswny,1
pfalossppbxrqtr,1
xfbkjqyvobclwb,1
yisfreugwkph,1
jpmafysngkwre,1
lhbv1q1n055gy1aop8no193wzep,1
rgyvnv1xx1rib1novvh1cb00e6,1
xprlrnziznfebqlzcapndmjzroai,1
vbydxstsxjih,1
bvcjjmufpqpbd,1
hhwhakwfmbitvm,1
vpeehuhlbmhgqk,1
ksblejologgai,1
mqynxqbpygfi,1
5c4r0aad3sysjpwei8truvz,1
caaposkickas,1
1rf7xb66mj1whndp03hy34zbr,1
htorgxanaonoblv,1
1v2aa8yh9pt52ffwk97hgnylv,1
1wdnzuv18a069gmct0623efac3,1
deivttgqibdxhtfenrtwkb,1
bgljxovgvghb,1
1wk88xd1f0qexo4jn3svdbwoo6,1
lvuoszdwxukkjtulzhqwknqs,1
1f19tvu1oynsff1ryqolk1qqwuc7,1
mfviitinwogou,1
jthsaquajlfg,1
xndykqnchhjf,1
hswvovkduhlbfugqxpmfnjnzn,1
ckunpwccstql,1
fwjmvegmllasc,1
1ghi7fxfapgiv12619hfhuk2j6,1
dcijrlcyeiuwplnvcqgthsg,1
voideqqlfhgptx,1
rqkolvonpglo,1
lujotuusewwt,1
myuibfhiaonhrh,1
12f2w1h12ns2cv17oeh1oqxxsbk,1
qlbbubyvcpwgrslizkflnemof,1
mynnsiotbhvb,1
1g3hvriggrym7ymlt0f1ehdtlg,1
yjksqprcqtkv,1
nyqououmabfgxos,1
xujascucvpfgng,1
wvwlswoijfanhqh,1
1wdwgbgtx9f7j1tkp94hymf6sa,1
5358dqty6ur91baxq45v3efj0,1
fqqevssyprvtow,1
nbgabytbqgaofbuchlztduc,1
pjosfflmnwhv,1
ljrdxmvgljpducdilx,1
kuvdvftstgppcko,1
wewcdtufvrhc,1
cgervdgbrdpcqmw,1
urbwr51x630zcpqswz71168wpi,1
byaikixphudo,1
lctuxvunfjaryvj,1
jfbmdpsobqlvsclvqgjnhiztwkj,1
ngxewrjpqmfvnoq,1
kkrteldfmlcyqsuwztqgskce,1
zhrv5l13o1sn113jqagiw0b7ns,1
1sv6etqbqtjuaxmbp2rpstwrc,1
xjrfcrwfpjvii,1
bfjfgwfmxwhr,1
sinddsqtqdbk,1
xsahyjvurrwqlx,1
9r4fqn1n2uim3su5jcr9zkz7h,1
o0881j1ifyl5d1oypmpwg9lqvp,1
fgsvcoxrceas,1
ijqkmxsuglpzkfdswtpjwiv,1
mdwwpvurpfyrgtb,1
sgtksvbeclxe,1
igihjnvjykilo,1
lvwgucfrwlbeqxdlrszlnvtoz,1
bunfpfcyyltwwkvqcphmxvgdu,1
gc6nq2nh1gvdt8v8dkspj5k1,1
xfexorjvpdhapjvvwppcurc,1
jhvhnxokfslyrsr,1
ifthvktlosjr,1
1r9cyxq1hdd9e1omd08v7kxoav,1
nqjuharirbpy,1
1fkfqumzt4g47jpp1ol1b3ffya,1
ltpnbmhfstce,1
fkorhfmayeobyqb,1
qibcavrcxlyuno,1
pduloblfdqfmnvxgueufymdusk,1
valhrtcmgjdir,1
kyrnwnwihigq,1
vrlcnllsdsyqbr,1
hugcipfmfoztkronuwscmivld,1
t8ob9pd77mhxbjqt6f2zmik,1
v6rawr1fgdsi11o02cygeqwoct,1
ademfhabmaepvheapxcfpbnrztpz,1
lcejyjdjxqgx,1
vh4wn110qwa7d1289sc2ij8dtn,1
rgpgklbemacxvsq,1
rqitqywadeonpul,1
b2072co269xo1426s6xx1z1n2,1
vdtrsetmkuel,1
1pylm7kjr6ui37gj4oj1qym5jf,1
3iuvrsugmqnq1enlgkvyqfuhb,1
xptotnrqxkbullrugswdesg,1
105ggjk59x3vox4t6ty1lxmit9,1
jrtvmatglxahhy,1
1iy1qu0se9qcd15c3fqp11gop2o,1
fxrfugdbqdeh,1
1no5kvn1ti8iyi50hyd0clm8yx,1
vlupmbvaxmgcgd,1
abdbhmednmpvp,1
v1vjmbtblw8a15j3gl31gda2w8,1
slvibxttgyve,1
joqxyheewjusqd,1
rbcxlsvvjtwdtf,1
wgrdzzofpukcapvcxwtvofi,1
hdvekolohetunkj,1
ypxnqheckgjkbu,1
xcbuvuwfbprixox,1
qtnnbmdlahbmhn,1
myfehtmqenxgrwu,1
ciredtmkcfdsgh,1
lqhgwtlglnoqrw,1
dbqnxqigyqrqhi,1
nxindkmysrykuqo,1
gcxybdudkfhggt,1
2abl2ty1206f1rghmks1yyi7l0,1
dadqyz13rnwsx155s2221pv3hvf,1
kdquiyouffxcykw,1
bttsqywasnsb,1
hwrincrdfwwu,1
eybtbogbdkxd,1
iudfeddrpnnrsev,1
eurgkltorgmjknesroxbmrscu,1
spsqrwrihaiteor,1
otqnkrpbteyesnf,1
cslemfsyblpexlh,1
7yaixumqkml8foo5q3gu9apw,1
rynqfjnsqbecds,1
galkrxsggevcscojgqzhhilppus,1
hifvlmicwcbt,1
12pkp7w4v81cj1kwlma1bhs9ir,1
yrrnotxpvnjeqjv,1
hepzeijdheqvlwcbyhqjn,1
1qznvfhdl2utv1yubjtl1mezwwf,1
tekvapfwifeqfsn,1
bqdvsswhabawfyzddetktgydvs,1
sboofxvsjirshn,1
tfetovctsxgzxlirtkprklbdh,1
jytblwvdltwop,1
alqyaxubrtkxkbh,1
ytamontyiklch,1
ofuofcmlzobwobdscjswlcqh,1
sircjietcilagm,1
nzztovnzbadeywxwjfvkwemcat,1
wlnccmcnluynx,1
ibpvmbqhohypeursswvojzfaj,1
agbaqjrqfdxtpn,1
mtdtojqohbdo,1
g00xww11ctmv21gpm6d710cmq2e,1
bfjijwwrniixry,1
phnmymrwslwdfh,1
exvyvliocqyhnxc,1
churalatsocqjt,1
neluvljhgqbgvwb,1
5jyah6n6971zsmak31d2jt4m,1
kteyqcmwjkqpiw,1
mollphlrvmmsvsi,1
cmtdkggvjioyw,1
1pz4tcd1i848ng13jjcd71bfoxbx,1
yndcoblhuewx,1
1pzngyk5myp761kv1ras1ma9l96,1
mfxtsduwsfxhyj,1
leoglefxfvvjfum,1
1xg7syx1ae6vq8teyf5l16ud5hi,1
dqkrwgylukdmrchxfyyvstzh,1
s1t1if1v5eiuk1cz924tn55qgg,1
sgohvavwuqsrwsb,1
eumnqvqbijqk,1
qbbsogoxksva,1
nq4jp9i1pl0k1m1s45vyoilz6,1
106fg9a266hub1143wq51j2shex,1
hclltrlbxopth,1
npkayjbacijiycf,1
apjrdkptrpowuyn,1
1aavfvd3wz9x01limo61106o0bz,1
6n0qnncklfxpif8acfknpnmf,1
scyuoydabxve,1
futiiegbynhgacs,1
1c1say81q7npyc190o1gz11jpmzp,1
nntwymghrpeby,1
vvqpfeqbvnqgr,1
hvupceiuhrqassb,1
nrkgvkwhlqiblu,1
gssvomoxkhiyfvm,1
ktifsqekayrjd,1
xerngsvdtwhl,1
1sd3kgg1wfpf91b4458nfecpv1,1
fcxaxcyimcfa,1
1nhbivf1ij294ndc5nj4lsuhzt,1
xgjzms1oc7nw0mhnlj55h6ojk,1
fjnrseykrsakjpw,1
tcyhjrvrybkoa,1
ieieghcdboxeqxl,1
abmpxyjtfdnace,1
vnudjifxsrivoq,1
ywsxohconamq,1
zfwbbr1n0n5v11gzc4hivv11v0,1
pwcytmlsywrbch,1
gufuhrcdyheqljvwkbnrbydaoz,1
1n3gjnd1m8fmic1wsy27l1lw2uzq,1
eonqglfogeba,1
halxgixpdabiqgxwhtknztgit,1
srslbwfjdkwb,1
urktggmaedatkufuvjzvoucaqktg,1
lahhliendckqqwe,1
ganvxfapwxtut,1
1jw26lv1ysen9m1vn57nz1h207sa,1
gyldmpsvjgpo,1
vymgeesbmtqvy,1
pqovtrmliuxdig,1
otafjfeouhidl,1
tyyncjqvehnhp,1
fxvudibghjmkk,1
pkeeicrjkulvcuw,1
fjbovizqtxzxdeobcqcudamnvk,1
1bu3gux18tv1yx1feq4s6k1347a,1
itetdtsollwar,1
iytriaoshujedts,1
hdztpzbydmlvbewgmbxnryp,1
ttclmfrerksjcfy,1
srukypcvtbts,1
psbwshpjqkbluo,1
gdrmqyvaxjlqer,1
fl4a8fy1ng71watsfa1oqj7bh,1
ewebqestbocrus,1
nugqhunyfidm,1
lcubtalvaegowv,1
culwm01pxvuyd1ituzjeegf0kr,1
mqqdtnpqtvbhj,1
gqrgcetkgqhibapnjcagyoblmzduxg,1
fyizpjthehqhmxgzxmnbemjfe,1
pytqsopyajvrk,1
onaqpbvrcubfkeq,1
fwlbbclcggpco,1
kvcp0k1m27gi111rq7d215c1nxk,1
xndmelnsvofoxb,1
uxpirwgxtdaiyg,1
sfxhxmpsvltc,1
kbifmfuofiaypvqjbprjfxrgrkt,1
hucbqrclkbdfj,1
nw9s7hhnndcp1e5ieqtf4xffw,1
inxayswxctkvoobajnivlpji,1
wcbwrtkdigvmrpk,1
cedydscrculovllytbehda,1
zf84yq6oymf3kt078fnrqhcs,1
z8dcz317o543dfti4dg13989um,1
anykaihpjfivpnv,1
tordqsrwmfdyhidprtodyytqw,1
gygmljvjzqsaycexdmwsuspgujf,1
xyyjjohutugr,1
deqpzgyppfhyjnaqbazhaqkzlzzd,1
rasfxcpbaqax,1
iiorfmwwplvc,1
1qhda57htt6gq1f7gb9r1ohgv3f,1
vrnyrvldkryltw,1
kdvboeqwjdul,1
rcqzxgqobnbxsheceqaql,1
wkqs0mjfh4xb1iinbmm119ms3m,1
l7n92qqbqyka1fpoddupxrt1w,1
14zzzlt1mv91q01etjt91idba6m,1
fllq4h19x3lhd4cz200odbp3d,1
aeuffqfjfbrtw,1
wlylesriloek,1
fxhipbiycromu,1
yheqmfbeqynrmnozrckbeibmjbswsk,1
qmcbklunyxnn,1
bkvdfvhebgdchq,1
vyfvslwxnhlcxv,1
tssktcaesuktbuwqgrgqwaqozd,1
gjajcsrfwcinw,1
uhoqfuxmiomeaw,1
jckglcykuytt,1
washlvuaoxgbkqr,1
neunfvtavvvuk,1
badenvugkvdxcvoxmrdyeqirqg,1
qrrgfedpsmlan,1
r7okid19x3thk29pt711hsthd4,1
bbiysptsnjldk,1
laibrglhfaobfkn,1
uucwglvoauoveqkqweqayqs,1
dduehhrvngpm,1
fakduusemyxlrhmqaypivonln,1
555fzex4z05zb0ssw9962107,1
pfubefqxyvcxmbswstoeq,1
oftwrjwdmndrsb,1
hmveanvukamuctobadgalxscrouw,1
lamfixnxdadhycaemeyfarsibvs,1
xkkcahpwwhev,1
1p1hrhd1cr06gvqrtp7z8u9hd3,1
ahfmdmkqnvaehn,1
dlwgvtolecypyg,1
nvmmlhcyvqnlrbm,1
feexsewokfbv,1
lxkdthtetwtlyw,1
faxwljgtjocnfsp,1
drfgaemfmbdtpye,1
1fl9aa31yaryqf1jocmea81zxrq,1
beuhmsesnxcf,1
eexgscfpbmbd,1
11pa8k21ecp8ui18nxd53xo4aiz,1
frdxjgipgugg,1
cefqderweyvgatvwbneykrea,1
hcbrwejcxqjaarl,1
zlpvtsvcyxwkxchqbmylqw,1
jbtqtxxvmcbiwsm,1
cyivcsoscbumkw,1
14rqup818sn2fs12qxqvt1w84887,1
1fkj09uqyikb37i2nphml5il0,1
iaosfbbjduor,1
ytdihqdimbpbxcxoeiaeuccmpbdeuir,1
1dkshsb1t441wy479a751cxpumq,1
dng74c1251voj10zskke19b77ec,1
ypxsilfukwlveagyjzawvolfkb,1
gjhotrlsshcljn,1
wrpstnyokrgtqn,1
nositbdrumpw,1
eiaahpgnvdfyjv,1
dubidmicqammrjvnvmveazjzdkzrg,1
vvrxrkfqkidegdt,1
tonxghygeganbucdpdhozpkz,1
ixhvjdsiywkr,1
sjbnxmycwwqqcl,1
orzltgmkjljpmnbedminfudjbdem,1
6ko9ciaew4vz1sea51310b2qcu,1
ptcbjanqafsm,1
vkkydeywoonxgfetcxzpzdtcusay,1
fyl1nepocn1lt28wy1gw1zr0,1
kifrfmfkkpdjicp,1
1czceebelx73y1pd5etq10f5s2r,1
dxepuabsedejfnn,1
actilglnerkod,1
yoytkruzpcqyhamqwhmnvso,1
hcrxhqyhkslkk,1
wkogypfaeutsgyqkhgmdplf,1
enfvoracfjlxruy,1
clnam41opcer6stf8008ycwem,1
nclswcwkqsbp,1
iermneeammksvh,1
kmokyckhvegx,1
jjmoclesxeouxt,1
vtptgxyrsgsyh,1
edyvwteevmds,1
htojnpjocosegxm,1
fnuuoiibwcqpb,1
pzojfagikfbqrswrwcmpwgizhmx,1
tewdyfrgqdnbx,1
1erk1aq2tfv3e1dy8ikv1f0nxs8,1
onyptkzxembeeauspltcgiobcyord,1
gozsfq1kmabvl1v56c8j1b0uoxa,1
1rwrs6019h02uz1ljqhzt9kak0,1
ucplbmugqslvbepfcexczxupzvh,1
fcaqcxgheduic,1
kfpdikjmfwcybqdpgeobmvxo,1
kxjnwodfjvbo,1
mhshxoovemccqcb,1
iovnsjmvegvua,1
hcnelthdstafmc,1
kjsdyjhnmpcl,1
ujhqycnfqgrlpdd,1
kojsfjldrttelfu,1
oycawnjlqgmhs,1
1a2wym5vfcyip1he4icp1dl0w69,1
ybmuhvmkkkgslir,1
lpdndfiatbcjmau,1
zoqkj01tmlejhuopp53nyjq4,1
wkkmwbnjwlubxda,1
xqssknqjtynni,1
1an1zd61x2kh3nxbft2shrahtt,1
vprtkyqfckdaq,1
vfftochqtsmyd,1
pludooahphhcin,1
inydmccwvvwhq,1
wgnfnfqwyhuwkvgayindysktgfi,1
rhfryrrjtoypavm,1
12npvy46hd9bftwhg75sf7dj,1
lgfectmiatra,1
a41pp1auc75iaza6mr10qnyyd,1
ptpkcaqcajxaskb,1
kmxhnagswrecev,1
fubmrfswtkrr,1
pnqghpfxzhaztxwkbeifixib,1
dxpsxguayluuce,1
13tlqdn15ls7f91ncpj241ng7dts,1
iftsedtpdykdsi,1
uroslmnjhmwfg,1
jmjrxufbmbiefb,1
4d7asn1pblizo16vl2rufavqd8,1
rksrfdgahoxg,1
z2eyxz2hdse7ra7k4666zm0s,1
reniqscttjpad,1
wxflemtbailkwn,1
xohupvvotchqojnxklvgmzdmjaitk,1
kkqntqbinqayy,1
xbyloxsvcmfxuso,1
sknzijdnqwnjrsgmkbwbibrcbydi,1
lpacdmhhcpccqi,1
uoerpkaffwnds,1
1qi347l1ub4yay7i9ev31nrhqn7,1
sedpaslhtqrdc,1
kbjl1uj8pzz11w63vn06i107i,1
k0sj6spa54v41immt0gqq5wg0,1
jmvytjqcuannwh,1
wbduaueijrnmtjn,1
15ut5j4zl1mljfxtjn51btnch3,1
19nvgzc1wjq9zve6s8ff1q3xd8d,1
lmvcwrobgoudxsw,1
fppkymiwfnchui,1
ytudsryylvsqv,1
pyvpvaoskbipd,1
jswebcqhkedndjv,1
nfubdabxufro,1
xbijvnvsthap,1
ncrhdgtctjyfbgy,1
aqxmhpqoobkdb,1
hrtcuxrkhavyi,1
1p5nucl1aej0jp1amhgiq1ah4i08,1
1k821w5xde3ts18kxb84p0brkp,1
1kdwkry1rxtibq1m3ikosar4x17,1
zrm6d4oqssz6xj5jcwwb1ry1,1
rdrpseulvosjb,1
xdqsvkhplbpppuytlfqtce,1
tdjwaogswvxi,1
fcntoepyrhphho,1
eqnsymdyaucstej,1
rwwxfbqutvov,1
lqghchqchslg,1
bkdcuseoammxgm,1
uqvxeoiflwojx,1
geaqeizpheovaieqtsdainhqplea,1
ydiilygmxbke,1
qoobvjgaadbmheqgmxmjnjjftc,1
ereskxbrtwjdu,1
amcjolcjbokgy,1
gaomlknyuier,1
rswyhqmcollk,1
185uptu1cp6t9w1mlzuif1cpd79b,1
gyxdiwonrfmlfmrcvzydqou,1
yhlvfudumlzthlbzlovemwoemgq,1
7cvljk1m2lk0tl8c62nq90em4,1
cumnfdycssdxppl,1
prvcefyyhzdljdqustkdycetrw,1
4c516pkrcl7e2h1gnf4tuih,1
uf8ktu1bk1ohh1tfqo75ov6n82,1
vdairjpervaim,1
ttseiuwwexbmxhkrddozqv,1
3ghugj1nblqrzjmkerpw4ed3m,1
hcrxkuykxhhmt,1
xptmlytvrjvcuyg,1
ti3ynbtrmf5kd6z2hj1u30nbe,1
1ag41z41g9m3rl1v1r59bb19rqq,1
dadmtwsagbenlx,1
nxmndipfjussb,1
hhojbmjkaypscih,1
muroaygwebljili,1
vldivnuejabf,1
jjatgggyevxfkyi,1
xoswvcddayobbidmeiaimzjzkhu,1
zxpflfifkrtmjtgifhiwov,1
dlymoghlqplty,1
otefstunmqdppa,1
lyntyuqucqskto,1
tbypmfdxyodkp,1
gymivtkvjmnfcqqgorytdk,1
cmovtxwfyfuvsivinxglxcibprvc,1
gssqg11gzubjez17cmn1py600u,1
slkxfgqfoqvvvw,1
jxfubtxunyjdj,1
xgejmjxgcagkdmayskjrpwgnrd,1
jgqsexffpaicm,1
wcvxlkrpkoabs,1
ywcbwsekbugpq,1
syr1m8oh1inl16km1cd5myyuz,1
kvmxtqojphptr,1
psidjectpwmr,1
yvnajxliiwoh,1
bmgjyyshblppmq,1
venonbhpprqaw,1
fcqqwxtmwkxjofa,1
ceidjsvbwelwgl,1
19n95vi8c7x2p51zac21kn36oc,1
xogqqotknvgfmaqmvpgigyuktwmb,1
jqbxjkjtsnmq,1
h2qt48p8s3511nk1ke1mpe7rb,1
pbnikumhxjkvyu,1
ouedbxonfwnmwjw,1
lagkvkeevqmioq,1
saignllxwtvxi,1
amwzf3tbyual1l0wdf4bpg4fw,1
ltmdsqwdjihup,1
3kuhxcbljw4z1lyhzlf3gj1bt,1
1la0rht1x118ie136tutg3dbq82,1
jrebipbkqtvjhp,1
dfpqxabjeltwn,1
ivmmrvoeugmmrdqherwkvduydscrwei,1
1pxj1u3ti4c2ag49m1i13ymd8c,1
ldbxkiibksskvfr,1
kvepk11e5p2j8e5241cf71c1u,1
njuotpeqrixq,1
oywjwmkuygwh,1
yqjwyhpxfrxix,1
tvyjcctshebolk,1
1u0m2gqfsnxgmpla6sh1ux26x6,1
15r69r267yjjh2910uw14p2sdn,1
uvbjyrlfjnhjn,1
wgilljojytpvnftspixxzleil,1
mnuehxotyyeco,1
rwzeyqnbmrheqeorylifovlr,1
qatoysptfbrop,1
14pid8l1x1ebe91bolu310n0r0,1
fjqxqtjxprylek,1
gujpkiyxnuyjo,1
tkzmhp15matdi10ihgkf1oqs15m,1
xjskhqjmahpcvt,1
glijsvvtiygm,1
woxrvwbdhdyox,1
dddnmqbxpbnrpmj,1
qsecnqqtxnsu,1
kesh0je18awsxi3tarq2no20,1
nqslwcqmtpujbxi,1
eenddkesatkj,1
1yeka021grk6rc1wxqap5cpbr62,1
kyhqynxcgkrdmb,1
hlrqtcjmmbiww,1
eaxopkdxmlqkd,1
udwxobiyuvpg,1
ynwwpooapxip,1
opjdfntjkyhn,1
tisbnuxihbdxgi,1
1jrksb1pr70zrkdspxqreszpj,1
buvrcyvhfqkfiga,1
guprelkmvauqov,1
1b3a6dpal9u0z1v50c46q9s08s,1
jplsgjkuetmcu,1
1xwqfnl1bnw0eidd0da31e2khzo,1
1qcmwio16gs0ag21vdklgq7ne,1
pnpnbjnlypnzaixlhdlciyh,1
uplienpibgxrq,1
ghmfgiwkqgfheh,1
jgwbkf1sr9ta81hrxwo51h4q75e,1
prjvouvwhkoslds,1
xfacykfxscutguoztkfwckvcyxuw,1
ovyfnkafxvbyng,1
jrtbxyppgcva,1
1si72bd1gn36121j8dayraxekj9,1
osgjuidpgcwxi,1
gmirgtulcorj,1
ftltwlsqhegsnav,1
nrpyaxqgsgbnvn,1
ieuklomdjdhkhg,1
qnbvdrxieyewun,1
evweobgxqafn1vemcedbardp9,1
14wa72y1a4sr1h1fwbq8koedgqo,1
ufygyfuxdvqt,1
dynsyonadovlvda,1
pnbedkrkidemy,1
lwbhmmrlmpxfqg,1
3rm4nt6dmlxh1urtzne1coc6ow,1
1eci76fjrs8lh1mcmk8com55i5,1
pwwinjscbvtlaw,1
qkxcytrbbtgy,1
yu7pbfakko6aoip3drrq6bzc,1
yhnknimphdpymp,1
heepmnbjghvq,1
gclfaejerjfar,1
1itq5hiqtry6h1c0cpuo1jymko2,1
edksrjwcwyystc,1
1lyfqsxg2gzvb1b5ui4r1l4lotg,1
kkcncywjgjxnpn,1
nncvnmjstcsx,1
meisubrffdyghy,1
inunv8183vpbelnymnx12b3nlm,1
drwuozhfefabyhjfmnptuxbigq,1
busclucyhcadmgqmnduovsifztbq,1
qnwowgvagdedg,1
wjtjkxclnwyaypu,1
5635sr4x8mrv2lqt53q33mlu,1
fnuoucemsoqd,1
yxuoypgefakvxsgiizscuwlhae,1
mpjhpwlmufdkei,1
dshccufjjbjra,1
uyvdxyoimvjokal,1
upqaunlsgcretvv,1
qtfhraarcuejc,1
haxnbjrrgdhwgbqwciylvwyd,1
1rrk8sq11fvbvv12wrgjn1h39ls9,1
xtikwrcoucfay,1
brdlmnhsrsgwja,1
uigpqqgtjieyaqw,1
umglxlpkckuiljo,1
jyyeoiyusjcn,1
piacsdpphdqr,1
naclhwvuysdtbmy,1
vljfljpoheys,1
ovecbhedgfhwjv,1
qrwowhixmycow,1
vqrvvqcbfeaxgf,1
rloicrkbcwuj,1
tlkvlvmgoilxfl,1
uwdmhcdfmlnr,1
96lkog1wz0p6y8j31r9r885m,1
1j9aaks131ebyk1qfa13b18phik8,1
ptlbsmorxvggs,1
tppjtwepuppvhuoaitcrgnba,1
10n00emoybnbb1xwnf8tesmvvs,1
tbidqsgwaulkjt,1
htyhrktodskjnzduwxnfzpbil,1
pjahbiwnnyhssml,1
myitvlsujfvc,1
uggcguxomvkaiaifyzhbyzzxlj,1
piwuhyltmeaj,1
iejdhcflmikr,1
odfcwhlqfpvyumx,1
ughoiiodjhax,1
1ibti531pp7dkx1auwotz1xpi5pv,1
rsdmgwoojbultlnaqfyuyxkzbvo,1
1boomx21mbfcdo6wu9jtsmwb0,1
giubpqebgjak,1
6dtcnn1lt1kr6heeg251x03p4z,1
lwpml51s3n05216g65oi1t4ep4u,1
kcyivpkerwvoveukzlnjpz,1
jrpifiisejjpbly,1
qitmlmlrxjda,1
mgqbdvqbklgs,1
m8xwsgf8qzk61hbjf3n14j3nmk,1
lujcgptukebsy,1
15fbpe69b2yvw13t68zw1p69qol,1
kxfbchuoyqejs,1
lamfvbbusesiiip,1
qwkatmrwtbld,1
thuqgnofmwienpb,1
ujtohypxdfvrtor,1
bnummicoeoyqu,1
rwpvmkevlevclg,1
eqoxddhvhrjpo,1
oalafoodmdvbdty,1
fnvadhhpbswb,1
bs27d11cw8ph9t9qb5z1e09opt,1
14kq0q61exdwk6j1tkix1jjyffe,1
cjpockwdmtbopb,1
1i6b4hpzzeklu1pzbwwnit1f6u,1
elflbyilufic,1
uioofidprjvd,1
qnpsfjghldgfgf,1
luylaebcgfck,1
toesqnvvolcw,1
gvdethmuvirhm,1
119wk141bwxkizsvnfq1scbntt,1
dvrgfjnthpvy,1
qlftfivcmjfjih,1
trndnleqkmntcko,1
agkaqomfcgkc,1
chiqfnvysnql,1
nlmbgvoytxllq,1
qdkwbemsajwle,1
lisrvi13fvazevst6rh2io2v5,1
emzlonkrhmqkfuvkylweidaauscdq,1
cpvbnbavvkqppo,1
tjaoxlrubfjiyph,1
1o8n1iz19lxabu1x7d99w7pn1v,1
jnxlmtontwoeqok,1
vlwxmomnvjmtb,1
ikunrntbmcmhgk,1
sgtwkjpzmnuinucwwkpvctlj,1
pthvtyiqhqep,1
rwbjunmhpiuanl,1
psdngbpcwdvvtpr,1
1lhl39l8biehzbm0f391p81i9m,1
tpantaicrcbsy,1
bdonkmljmdvmi,1
hxhkftcgoocw,1
rakrbtboqlad,1
enhvxboihlitcgn,1
fimcsppjlprhvqr,1
stsoxojcvtmtj,1
dirchpgyejlrm,1
pucnmsofmxtly,1
huuisrrjcyykp,1
boqowitsnsfm,1
qldvhxwhtcis,1
1f6rrey1wxo1493u8fy11wnk0mi,1
faaexdogvdds,1
kixvdbjpmcioa,1
hiyqiyewdxmtahn,1
4n507n1sd6a8pung5er14anzx4,1
pnxpdjsahbgp,1
zvgkfwkqrdiaixqowojbtwdz,1
lbyxpcofbnqp,1
utjfwejrhkbxsqp,1
bvoxicmzdwuchagyyxqsskmr,1
ogrjvsryyplgwlx,1
mvpblgejvfmirmjnbprkflbircylf,1
ketagmayeubt,1
yflkfcsgcdsge,1
1hxf7731kwneso1g2nvow2vat4g,1
etvghbqionlqtva,1
tyatqnnbfuqrn,1
ijrctwdkmnucbeswikfaehmcieq,1
1pa374v17cwz3ls7lhz31vwb224,1
juvleyopilfi,1
hdjlikfbjnmv,1
jrrfwlyxeekhj,1
xobydlsxpggqrbi,1
wkprdwrkpqwm,1
gfhnjytfgsdg,1
hfkdxvomvgpxeok,1
rtyypveicjlp,1
lkngpbksnjkbun,1
moq25dcjl51e1trnhc71b00uw8,1
pyscdcnenhqa,1
somjbabeuctkbhukzhhukfh,1
eoumon13q6tw4khlvhxz9ksb4,1
otxuqxcnodmfp,1
gdwqrenvdjnthod,1
hwdrilqsoyyc,1
chmmsblfnklj,1
nktaywynojbuge,1
113npm3wemapr1wz476v12gc953,1
ghpsgdyhpfjrywgpjkfwkydcysk,1
tjvpvlwgmztbwslrsokfwclzwc,1
qyfvhhxbfmxwrs,1
lgpeetosohhuyhe,1
pcewdjwuahthy,1
qbjqdbbhqqbsa,1
jdiqrjrrjvoitck,1
bgvjfsmkuhcaow,1
vdgslndsowqag,1
elxoswnebrmr,1
igeafkgcajof,1
r6dmur1tvv4i7brsmuz6hp02s,1
fahacevwpbpfzlteyayskhtinzlf,1
sevj70m7c5zjxxjhe63nbf20,1
ahqyeuoriofpq,1
dkypsastwghi,1
klsqwwlmelwwghw,1
qsbylhxxgmhgqlrqsxttoruk,1
tbqlungdkxieba,1
vsuwljjbelzprhydiwkvcqxktqg,1
xizukxgmprdylbazhsoqggysln,1
17g7gsh1kyy2h91wo7bxu1y6s0s3,1
cazpnjrstgcqoftvwfuzsczhqvg,1
ymluokhturmmwj,1
ifljehwdgxau,1
1cf2bmxjrjm6w1v116ewgnfio,1
herkuoojfidalbdynrztgyh,1
fstbgsyosgyfq,1
pmafwtgwlshlkjh,1
1uesze716mv3fe17di995sa6kut,1
gywkfeprwshvwovztkfcyjvclfwgl,1
nxgvvvxbofcdhdm,1
bvnqpnedqmgfthi,1
ethqbnwmekiubqs,1
wlgllvmmvuqjdwo,1
gqcugaqkhaduljspvhjzqkjbqwbybm,1
123d70d1fbfwmg1eyqcb31vr6c8j,1
oqcpd9br0x784qkv6e1ix4fq4,1
bpsphjbhtycchwq,1
ncyic91v9yg5o1iv8866dhc4j4,1
qvcjiilyeeoxvws,1
4o4gqb67apsd17otri0101yqcn,1
pplzwkkzyhlrbqtwkcqqslpv,1
eihedhsxlkag,1
kllsljlkgyjyx,1
lplwftrtbgngu,1
kkomnkgxualsxge,1
peucerjftgydofeigqcytpbxcws,1
pbyydqagqcrunud,1
rweulvobduttpzkbxsenfj,1
is4w1y1q2f4a7ch8rnmu8u0t,1
nrjvztrcpchytpxusrwnfd,1
oqiiamdvmyskgxi,1
knztoxrkhlceijiheinzzdfhy,1
sxochnwcubfn,1
1e9gd2417td86e18tbegz1vjwztp,1
lsfcgbgelcxb,1
kbnjzdyijmrusyplhqibbyxwuglb,1
zdm92t1mlbh9u1yfk3fo1xfp0da,1
vavueneqiuqrsti,1
lbeisldgambfg,1
yykwpdxaferf,1
gionhaerdehrtmg,1
xcknkqgdnetu,1
uyshcehccpmkcr,1
zdhcmjbprdwsoffmkntovtowd,1
xbemamhujeciri,1
cqryjumuexwdvjf,1
ykguaewdsxegqa,1
skusbixsxnvfqrsrwlgvgamzonoj,1
1qh26px4aujda1fzcm7oioiffu,1
fmedisfoaisiv,1
fdodvdrkpnei,1
6jymq1lsqupn7x30sump2foi,1
bfeqtavkelyh,1
qvrxpwdqleops,1
yoojwgqrubkpiab,1
ibqx2h1eim0rq1tb3rl71k2c0og,1
ysykcctppkpk,1
5xpbhwuckby8e7vpus1wr3e1m,1
zhmtbqampfkzojmvdyhinfdqkqw,1
lehhjjgjfgvdkox,1
dfysbuipptuetiy,1
39zyh4620qf1piakms17ltv8v,1
jgwbjchuifmyh,1
gsbsqioftgsvcq,1
gg61gciw7bg6wgx8fx1eg111f,1
9x1cq0vs2qenp7jzbw1vtd7qm,1
vijlgomactld,1
1k51nor1qeg9ns9sfa4l1cnxwcw,1
avwtplxwhcut,1
udnlvamwirchffv,1
1ign18apzg7da1amng35rvz4gn,1
vlegorkkabxts,1
webryddaeuhln,1
dbrimfmggkll,1
vcwloshxklwf,1
ppvmaqgamvcu,1
unqudsdtbfrkf,1
hcxbkchhpmtdhii,1
mkgbdnrugghxar,1
fdvaaybyfbwp,1
trflrckxbxrimc,1
pjxqlfrehlhihwe,1
tothbylfrctobgijxwwkibsgvckj,1
vhqaysdthhejf,1
xrritkpyrbog,1
wsvglqdessowf,1
1g27b0c1nyqt0i11lfw1cvgrd8e,1
1l1di811aan4vc145884f1dx0ff8,1
iugresuwmbyy,1
1ypg82znoen8g3xb79pgg5lzo,1
cezwcvcnrkjnrdsxgxokvxjzsw,1
mywnwugqohpo,1
aklpsxyadnlgvfr,1
nrlkchpbreldrg,1
acmzpfajzowcgqldqwbupp,1
1pbxz0zhqopnwdfj5ts1shy2gd,1
1roh8dn1ke5zbs1r2gnyq1kgg9hd,1
wasnguuhuabkdl,1
vnmqswfxylxfpw,1
dorammrrconkzdulzbimvmjxwi,1
hnslsnvyqdvvrxc,1
xvvyqmjcninkyw,1
svbqdomrhbaltti,1
pzuoizgemndqtkgupvovprglfkniz,1
jqmmdlbyxnpf,1
ytrssyejsenq,1
ykjilvoxalkc,1
ehfbmftvxwosue,1
gonnlsvqlehs,1
1e1w1li1kr6fss10ira131dcglz8,1
ykdmyiwhryaifpm,1
qefsoecyvgvnh,1
nroxbmprlvaeeadrocafawcde,1
gkdnlspeeqrtj,1
isuuogyfcpfu,1
cxgtsrwepnysw,1
1rhfyth1kma4aool1ir27q9v9a,1
1pafy8l12803potau7o41stftc6,1
lzaeojrmflvustsomnaqhsoulr,1
ztschaqcrgguhqwfixhazt,1
3z4xxabqbxcq11cu7krzlz7nv,1
1c33ujfybufcg10ipec21krd5es,1
fmknrkqcdnrknqgkrtnflqyx,1
feerhfnklgljae,1
tkrts21333jqm1uqrml71v89qvn,1
hgacqtodmntsoyxzphpjjzrwl,1
147re03479dsx15ivj1kswtxdq,1
xvrjepehpqgls,1
upmxgwhilgbc,1
jglpxgxpugqn,1
1cvlrky1rfo1tz19umzhdb11dn5,1
dewwryknunmxuuf,1
xbxaewmfbduckj,1
uckjmzeqsomncmfaytrvsaqempznj,1
iboqqjqbqsoioaq,1
wynutlkpktuuprg,1
loldvdonmnmeq,1
ecbnkhhiqhrcgh,1
iukljfnqeupmbyc,1
inpfuilwvkcpqxl,1
vtzxc21ivapdsjjcdo1dt1w6z,1
wlyrkpxauxdl,1
bspmethrsvtq,1
asbfwjpelftujos,1
z64r1leibxtvkk8egv1kans22,1
jgoyiftgykttxe,1
sufqdvcrcvdxp,1
jrsnpipmyult,1
ihvvjmusymudmhp,1
mylbpjgfrfumh,1
xqgeqeuivytemnbojrkcieuonbqon,1
jdfeelkkbxoqkt,1
saeqfgxvigxr,1
aixztgfqwsrwjfqskzsopnrem,1
knmghqshwtdpv,1
14yyh8f7vspz71e6wo7ktvru5i,1
kdbpgfqxbawv,1
kvrcinmrlbezxqtdupibschid,1
vlxoruqovlloc,1
ane4m81iatp1613bvrbklizphd,1
fxrefaaicvqvs,1
jancfxfckewsqh,1
vgropftvcgiiztpvggmeqpzci,1
iiljefolvjbbmnm,1
sxqcknsbfvylg,1
68ybav1at341si0rygs1teeh6s,1
166yn4k1542erfthj5e280hso,1
6qdjfezws6mvi5apvaa6ytwr,1
dxbmolvcktixjj,1
vj9hkm15jvo721er5vlx11dzaq3,1
qkkqkmwbijuoxgl,1
ougrjoxfkaxnu,1
vjqvvtefxfxyk,1
wgvxxfnlalfjs,1
rtrqpbrgqjvhik,1
wurmc7i15ttl8wr37o17e1wwc,1
jdhrnxbhxths,1
qajxfmtdviwiq,1
okmoaigfhyswoa,1
a3yowupbl0p1y7twk3a6sbt9,1
qulucxaticxd,1
